Wall time,Step,Value
1649689603.027653,288,0.0
1649689614.456993,529,1.0
1649689629.132936,786,0.0
