Wall time,Step,Value
1649689603.026876,288,0.0
1649689614.456313,529,0.9323671460151672
1649689629.131316,786,0.0
