Wall time,Step,Value
1649689603.028019,288,0.0
1649689614.457321,529,0.0
1649689629.13333,786,27.0
