Wall time,Step,Value
1649689603.028557,288,1.0
1649689614.457893,529,0.9757084846496582
1649689629.133978,786,1.0
