Wall time,Step,Value
1649689603.027249,288,0.6847103238105774
1649689614.456647,529,0.9323671460151672
1649689629.1325743,786,0.6727549433708191
